mean_max_sum,std_max_sum,mean_interval_length,mean_interval_percentage,min_max_sum,max_max_sum
48.37860308899435,10.732411492102035,432.2,34.57599999999999,31.66056770366582,59.35358593315493
