segment_id,max_sum,start_index,end_index,interval_length,interval_percentage
0,54.97083874797567,312,1227,916,73.28
1,45.04046187364066,1017,1053,37,2.96
2,50.86756118653465,1190,1225,36,2.88
3,59.35358593315493,120,1189,1070,85.6
4,31.66056770366582,702,803,102,8.16
